Join Date,Name,Completed
"Aug 2, 2019, 2:47:24 AM",August Running Distance Challenge,false
"Aug 2, 2019, 2:48:39 AM",August Run Climbing Challenge,false
"Aug 7, 2019, 3:44:09 AM",August 10K,true
"Oct 15, 2019, 1:59:03 AM",October Running Distance Challenge,false
"Oct 15, 2019, 1:59:53 AM",October 5K,true
"Apr 14, 2020, 2:27:07 PM",April Running Distance Challenge,false
"Apr 15, 2020, 7:57:26 PM",April 5K,true
"Apr 16, 2020, 12:41:33 AM",April Half Marathon,false
"Apr 16, 2020, 12:41:41 AM",April 10K,false
"Apr 16, 2020, 12:41:43 AM",April Marathon Challenge,false
"Apr 16, 2020, 12:41:54 AM",April Cycling Distance Challenge,false
"Apr 25, 2020, 7:17:09 PM",May Run Climbing Challenge,false
"Apr 25, 2020, 7:17:10 PM",May 10K,true
"Apr 25, 2020, 7:17:11 PM",May 5K,true
"Apr 25, 2020, 7:17:15 PM",Honey Stinger 50 Plus,true
"Apr 27, 2020, 8:10:24 PM",May Running Distance Challenge,false
"Apr 27, 2020, 8:10:36 PM",#WeAreAmplified by Amp Human,true
"May 8, 2020, 10:15:35 PM",Allbirds Dasher 5k,true
"May 14, 2020, 9:57:27 PM",Alaska Airlines Miles on the Ground,true
"May 18, 2020, 1:44:49 PM",Nuun Podium Series Challenge,true
"May 18, 2020, 1:44:50 PM",ROKA Breakthrough 30,true
"May 18, 2020, 8:11:09 PM",Le Col Fit for 300 Challenge,true
"May 18, 2020, 8:25:38 PM",May Half Marathon,false
"May 21, 2020, 8:39:11 PM",Together #forStJude 5K,true
"May 25, 2020, 3:49:57 PM",1 Hour Acceptance Challenge by GiGi's Playhouse,false
"May 25, 2020, 9:09:22 PM",June Run Climbing Challenge,false
"May 25, 2020, 9:09:23 PM",June Running Distance Challenge,false
"May 26, 2020, 5:14:34 PM",lululemon Global Running Day 5K,true
"May 29, 2020, 6:20:19 PM",Nuzest Thrive vs Survive Challenge,true
"May 29, 2020, 9:24:22 PM",A challenge by Kate Courtney,false
"May 29, 2020, 9:24:24 PM",June Cycling Distance Challenge,false
"May 29, 2020, 9:24:25 PM",June Cycling Climbing Challenge,false
"May 29, 2020, 9:24:41 PM",June Cycling Challenge,false
"Jun 1, 2020, 9:26:16 PM",June 5K,true
"Jun 1, 2020, 9:27:48 PM",June Half Marathon,false
"Jun 1, 2020, 9:28:05 PM",June 10K,true
"Jun 1, 2020, 9:28:22 PM",MA RA TH ON,true
"Jun 7, 2020, 8:47:54 PM",ODLO ULTRA FUN,true
"Jun 9, 2020, 4:03:02 AM",CLIF® Builders® Challenge,false
"Jun 9, 2020, 4:03:10 AM",Picky Bars Summer Solstice Century,true
"Jun 11, 2020, 3:15:50 PM",ROKA Forward Together 200,true
"Jun 12, 2020, 4:31:17 PM",Mammut Local Adventure Challenge,true
"Jun 14, 2020, 7:06:28 PM",Red Bull Race The Moon,true
"Jun 16, 2020, 12:55:19 AM",HOKA Ekiden Strava Challenge,true
"Jun 22, 2020, 7:27:29 PM",Le Col Faster Further 400 Challenge,true
"Jun 23, 2020, 2:28:46 PM",Summer of Skratch,true
"Jun 23, 2020, 2:28:50 PM","You, But Faster, with Saucony",true
"Jun 25, 2020, 1:23:53 PM",ONE RUN,true
"Jun 26, 2020, 2:06:08 PM",July Running Endurance Challenge,false
"Jun 26, 2020, 2:06:11 PM",July Running Challenge,true
"Jun 26, 2020, 2:06:12 PM",July 5K,true
"Jun 26, 2020, 2:06:12 PM",July 10K,true
"Jun 26, 2020, 2:06:13 PM",July Run Climbing Challenge,true
"Jun 26, 2020, 2:06:19 PM",July Running Distance Challenge,false
"Jun 28, 2020, 11:59:16 PM",FuturumShop 21km Challenge,true
"Jul 1, 2020, 6:22:06 PM",Swisse Me Thirsty Thirties Challenge,true
"Jul 3, 2020, 1:19:57 PM",July Cycling Climbing Challenge,false
"Jul 9, 2020, 12:51:31 PM",Amp Human Love Your Trail Challenge,true
"Jul 20, 2020, 4:36:34 PM",Fabletics Back on Track! 2020 Challenge,true
"Jul 21, 2020, 1:06:12 PM",Sweaty Betty 3 week 30km (20 mile),true
"Jul 26, 2020, 1:27:51 PM",HIGH5 Beat the Wall 32 Challenge,true
"Jul 29, 2020, 8:22:11 PM",August Running Challenge,true
"Jul 29, 2020, 8:22:12 PM",August 5K,true
"Jul 29, 2020, 8:22:13 PM",August 10K,true
"Jul 29, 2020, 8:22:15 PM",August Running Endurance Challenge,false
"Jul 29, 2020, 8:22:16 PM",August Half Marathon,false
"Jul 29, 2020, 8:22:17 PM",August Running Distance Challenge,true
"Jul 29, 2020, 8:22:19 PM",August Run Climbing Challenge,true
"Jul 29, 2020, 8:23:40 PM",Le Col Flat Out For 5,true
"Aug 2, 2020, 12:42:18 AM",Arc’teryx Familiar Ground,false
"Aug 3, 2020, 11:19:08 AM",Alzheimer's Society - Run for Dementia,true
"Aug 7, 2020, 1:53:25 PM",ROKA Turnaround 200,true
"Aug 7, 2020, 1:53:27 PM",JOE NIMBLE®  „be Nimble“ Outdoor Challenge,true
"Aug 11, 2020, 2:30:51 AM",Picky Bars H(eat) it up Hundred,true
"Aug 11, 2020, 2:30:56 AM",Rhone's Midsummer Challenge,false
"Aug 27, 2020, 2:00:34 AM",September Running Endurance Challenge,false
"Aug 27, 2020, 2:00:36 AM",September Half Marathon,false
"Aug 27, 2020, 2:00:38 AM",September Run Climbing Challenge,false
"Aug 27, 2020, 2:00:39 AM",September 5K,true
"Aug 27, 2020, 2:00:42 AM",September Running Challenge,true
"Aug 27, 2020, 2:00:43 AM",September 10K,true
"Aug 27, 2020, 2:00:44 AM",September Running Distance Challenge,true
"Aug 27, 2020, 2:01:12 AM",The Cookie 100,true
"Aug 31, 2020, 2:53:04 PM",Breitling Endurance Pro Challenge,true
"Aug 31, 2020, 2:53:12 PM",Le Col Tour Challenge,true
"Sep 1, 2020, 1:04:13 PM",The Run Happy Habit by Brooks and Intersport,true
"Sep 1, 2020, 3:54:49 PM",Run Your Local Mountain with On,true
"Sep 6, 2020, 7:01:21 PM",Kickoff to Kinnick Hawkeye’s for the Kids Challenge,true
"Sep 6, 2020, 7:01:24 PM",Dempsey Challenge presented by Amgen Oncology,true
"Sep 6, 2020, 7:01:24 PM",New Balance Virtual 10km,true
"Sep 7, 2020, 3:56:04 PM",Pablove Childhood Cancer Challenge,true
"Sep 7, 2020, 3:56:05 PM",50 on for 50 off: Movin’ with Verb Energy,true
"Sep 7, 2020, 3:56:06 PM",The Vega Power Your Story Challenge,true
"Sep 7, 2020, 3:56:07 PM",Runderwear 20k in 2 weeks,true
"Sep 9, 2020, 3:57:08 PM",CLIF BAR® Epiphany Ride Challenge,false
"Sep 11, 2020, 9:03:00 PM",Nuzest Chase The Sun,true
"Sep 11, 2020, 9:03:01 PM",Fall into Fitness with Nuzest,true
"Sep 15, 2020, 11:24:44 AM",Fleet Feet x On Motivate Your State,false
"Sep 15, 2020, 11:24:47 AM",Skratch: PR with Superfuel,false
"Sep 21, 2020, 12:04:46 AM",Ride to End ALZ Training Challenge,true
"Sep 25, 2020, 9:16:27 PM",October 5K,true
"Sep 25, 2020, 9:16:28 PM",October 10K,true
"Sep 25, 2020, 9:16:29 PM",October Running Challenge,true
"Sep 25, 2020, 9:16:30 PM",October Run Climbing Challenge,true
"Sep 25, 2020, 9:16:31 PM",October Running Endurance Challenge,false
"Sep 25, 2020, 9:16:33 PM",October Running Distance Challenge,true
"Sep 26, 2020, 6:47:51 PM",October Half Marathon,false
"Sep 26, 2020, 8:03:13 PM",Pat's Run 42 in 40 Challenge,true
"Sep 30, 2020, 8:57:05 PM",Bose Frames Tempo Challenge,true
"Sep 30, 2020, 8:57:06 PM",KOHLER Run for Safe Water,true
"Sep 30, 2020, 8:57:22 PM",Le Col Giro Challenge,true
"Oct 4, 2020, 7:21:25 PM",2020 Children's Rights Challenge,false
"Oct 4, 2020, 7:21:26 PM",Allbirds Rise Up for Climate Action,true
"Oct 6, 2020, 1:20:10 PM",The Built Bar 260 Challenge,true
"Oct 7, 2020, 1:35:43 AM",The Sur Six,false
"Oct 7, 2020, 1:35:43 AM",66ºNorth Iceland Challenge,true
"Oct 7, 2020, 1:35:44 AM",The Gatorade Mode 50K Challenge,true
"Oct 14, 2020, 4:59:29 PM",The Nuun 10-10-2020 Challenge,false
"Oct 14, 2020, 4:59:31 PM",Livestrong Virtual Challenge,true
"Oct 14, 2020, 4:59:32 PM",CLIF® Runner’s Treat Challenge,true
"Oct 14, 2020, 4:59:33 PM",REI x On 10K Challenge,true
"Oct 26, 2020, 11:05:03 AM",Smile Train’s Miles for Smiles,false
"Oct 29, 2020, 2:38:04 AM",November Half Marathon,false
"Oct 29, 2020, 2:38:09 AM",November 10K,true
"Oct 29, 2020, 2:38:12 AM",November Running Challenge,true
"Oct 29, 2020, 2:38:26 AM",November Running Endurance Challenge,false
"Oct 29, 2020, 2:38:28 AM",November 5K,true
"Oct 29, 2020, 2:38:29 AM",November Running Distance Challenge,false
"Oct 29, 2020, 2:38:30 AM",November Run Climbing Challenge,false
"Oct 29, 2020, 2:38:31 AM",November Favorite Way 400K,false
"Oct 29, 2020, 2:38:55 AM",Exercise Your Right To Vote with Picky Bars,true
"Oct 29, 2020, 2:38:56 AM",Move in Merino by Woolmark,false
"Oct 29, 2020, 2:38:57 AM",The November Project Summit Streak presented by Brooks,false
"Oct 31, 2020, 11:24:55 PM",November Cycling Challenge,false
"Oct 31, 2020, 11:24:56 PM",October Cycling Challenge,false
"Oct 31, 2020, 11:24:57 PM",Le Col Rise Above Winter Challenge,true
"Nov 18, 2020, 12:33:45 AM",Challenge the weather with 66ºNorth,true
"Nov 25, 2020, 8:02:14 PM",December Running Challenge,true
"Nov 25, 2020, 8:02:21 PM",December 4x4 Challenge,false
"Nov 25, 2020, 8:02:23 PM",December Running Distance Challenge,true
"Nov 25, 2020, 8:02:24 PM",December 10K,true
"Nov 25, 2020, 8:02:25 PM",December 5K,true
"Nov 25, 2020, 8:52:29 PM",December Run Climbing Challenge,false
"Nov 25, 2020, 8:52:33 PM",December Running Endurance Challenge,false
"Nov 26, 2020, 1:40:13 AM",December Half Marathon,false
"Dec 23, 2020, 4:25:31 PM",New Balance Race to the Finish Challenge,true
"Dec 27, 2020, 9:51:42 PM",January Fresh Start Challenge,false
"Dec 27, 2020, 9:51:47 PM",January Running Challenge,false
"Dec 27, 2020, 9:55:35 PM",St. Jude Resolutions Challenge,false
"Dec 27, 2020, 9:55:54 PM",Le Col Tick Off 2020 Challenge,true
"Dec 27, 2020, 9:56:09 PM",January Running Endurance Challenge,false
"Dec 27, 2020, 9:56:13 PM",January Half Marathon,false
"Dec 27, 2020, 9:56:15 PM",January 5K,true
"Dec 27, 2020, 9:56:16 PM",January 10K,false
"Dec 27, 2020, 9:56:19 PM",January Running Distance Challenge,false
"Dec 27, 2020, 9:56:19 PM",January Run Climbing Challenge,false
"Dec 28, 2020, 12:46:10 AM",ROKA Why Not Now? Challenge,true
"Dec 28, 2020, 12:46:24 AM",ROKA Hindsight 20/20 Challenge,true
"Dec 28, 2020, 12:46:28 AM",Start Your Year with ROUVY,true
"Jan 3, 2021, 1:43:48 PM",Alzheimer's Society - Run for Dementia,true
"Jan 9, 2021, 8:19:51 PM","Wiggle X Garmin New Year, New PBs!",false
"Jan 9, 2021, 8:19:52 PM",Runderwear 10k in 10 Days,true
"Jan 9, 2021, 8:19:53 PM",Red Bull January Jump-Start,false
"Jan 9, 2021, 8:19:54 PM",Move with KIND 280,true
"Jan 9, 2021, 8:45:39 PM",Lucozade Sport - Keep On Moving,true
"Jan 11, 2021, 1:00:51 PM",January Cycling Consistency Challenge,false
"Jan 11, 2021, 1:00:56 PM",Le Col Project 21 Challenge,false
"Jan 11, 2021, 1:00:57 PM",Sweaty Betty New Year 90,true
"Feb 24, 2021, 2:32:09 AM",March Running Endurance Challenge,false
"Feb 24, 2021, 2:32:10 AM",March Running Challenge,true
"Mar 7, 2021, 11:46:38 PM","#CRUSHCOVID Challenge, by Elite & Toronto Hustle",false
"Mar 7, 2021, 11:46:43 PM",Crush It 4 Climate,true
"Mar 7, 2021, 11:46:46 PM",March Half Marathon,false
"Mar 7, 2021, 11:46:47 PM",March 5K,true
"Mar 7, 2021, 11:46:50 PM",March 10K,true
"Mar 7, 2021, 11:46:56 PM",March Run Climbing Challenge,false
"Mar 7, 2021, 11:46:59 PM",March Running Distance Challenge,true
"Mar 7, 2021, 11:47:07 PM","The North Face VECTIV™ Power Further, Together Challenge",true
"Mar 30, 2021, 12:26:45 AM",Sur Immunity Stay Active Challenge,false
"Mar 30, 2021, 12:26:46 AM",April 5K,true
"Apr 14, 2021, 11:49:07 AM",April Half Marathon,false
"Apr 14, 2021, 11:49:09 AM",April 10K,true
"Apr 14, 2021, 11:49:11 AM",April Run Climbing Challenge,false
"Apr 14, 2021, 11:49:13 AM",April Running Challenge,true
"Apr 14, 2021, 11:49:14 AM",April Running Distance Challenge,true
"Apr 14, 2021, 11:49:15 AM",1% Better,false
"Apr 14, 2021, 11:49:16 AM",Wings for Life World Run Training Challenge,true
"Apr 14, 2021, 11:49:17 AM",Saucony Grand Prix - Stage One,true
"Apr 14, 2021, 11:49:20 AM",#EndALZ 100-mile Training Challenge,true
"Apr 14, 2021, 11:49:21 AM",Le Col Level Up Challenge,true
"May 1, 2021, 7:41:37 PM",May Running Distance Challenge,true
"May 1, 2021, 7:41:38 PM",May 10K,true
"May 1, 2021, 7:41:40 PM",May 5K,true
"May 1, 2021, 7:41:40 PM",May Run Climbing Challenge,false
"May 1, 2021, 7:41:42 PM",May Half Marathon,false
"May 1, 2021, 7:41:42 PM",May Running Challenge,true
"May 1, 2021, 7:41:44 PM",RUN PUMA Deviate Challenge,false
"May 12, 2021, 9:17:59 PM",May Running Endurance Challenge,false
"May 12, 2021, 9:18:04 PM",ROKA Salute 70,true
"May 12, 2021, 9:18:09 PM",Salomon Running League,true
"May 17, 2021, 11:08:02 AM",Le Col Project Aero Challenge,true
"May 17, 2021, 11:08:07 AM",GIGIFIT Acceptance Challenge by GiGi's Playhouse,true
"May 17, 2021, 11:08:15 AM",American Diabetes Association Step Out,true
"May 26, 2021, 3:24:57 AM",June Run Climbing Challenge,false
"May 26, 2021, 3:24:59 AM",June Running Challenge,true
"May 26, 2021, 3:25:03 AM",June Running Distance Challenge,true
"May 26, 2021, 3:25:04 AM",June Running Endurance Challenge,false
"May 26, 2021, 3:25:06 AM",June Long Run Challenge,false
"May 26, 2021, 3:25:07 AM",June 10K,true
"May 26, 2021, 3:25:08 AM",June 5K,true
"May 27, 2021, 12:18:13 AM",June Half Marathon,false
"May 29, 2021, 12:18:39 AM",lululemon Global Running Day Challenge,false
"Jun 10, 2021, 3:24:35 PM",June Cycling Consistency Challenge,false
"Jun 24, 2021, 2:40:02 PM",July 10k,true
"Jun 24, 2021, 2:40:03 PM",July Running Challenge,true
"Jun 24, 2021, 2:40:03 PM",July 5k,true
"Jun 24, 2021, 4:48:22 PM",July Running Distance Challenge,true
"Jun 24, 2021, 4:48:49 PM",July Running Endurance Challenge,true
"Jun 24, 2021, 5:34:10 PM",July Run Climbing Challenge,true
"Jun 24, 2021, 7:28:02 PM",July Half Marathon,true
"Jun 25, 2021, 3:04:58 PM",July 30-Hour Challenge,false
"Jun 29, 2021, 4:11:41 PM",OCHSNER SPORT x adidas ADIZERO Challenge,true
"Jul 11, 2021, 10:52:23 PM",Mercedes-EQ Run,true
"Jul 11, 2021, 10:52:24 PM",Wahoo MyRIVAL Challenge,true
"Jul 18, 2021, 3:38:18 PM",Laird Superfood Time Challenge,true
"Jul 26, 2021, 10:52:36 PM",August Half Marathon,true
"Jul 26, 2021, 10:52:38 PM",August Favorite Way 200K,true
"Jul 26, 2021, 10:52:41 PM",August 10k,true
"Jul 26, 2021, 10:52:42 PM",August Running Challenge,true
"Jul 26, 2021, 10:52:43 PM",August Running Endurance Challenge,true
"Jul 26, 2021, 10:52:43 PM",August Running Distance Challenge,true
"Jul 26, 2021, 10:52:46 PM",August 5k,true
"Jul 26, 2021, 10:52:49 PM",Sur Long Run Challenge,true
"Jul 26, 2021, 10:52:51 PM",BREITLING x IRONMAN Challenge,true
"Jul 26, 2021, 10:52:52 PM",Le Col Rival Your Limits Challenge,true
"Jul 26, 2021, 10:52:52 PM",Saucony Grand Prix - Stage Two,true
"Jul 26, 2021, 10:52:55 PM",August Run Climbing Challenge,true
"Jul 26, 2021, 10:52:59 PM",ROKA Faster Farther Stronger 400,true
"Jul 26, 2021, 10:53:01 PM",Bag Some Skratch,true
"Aug 30, 2021, 10:20:13 PM",September 10k,true
"Aug 30, 2021, 10:20:13 PM",September Running Endurance Challenge,true
"Aug 30, 2021, 10:20:14 PM",September Run Climbing Challenge,true
"Aug 30, 2021, 10:20:15 PM",September Running Distance Challenge,true
"Aug 30, 2021, 10:20:16 PM",September Running Challenge,true
"Aug 30, 2021, 10:20:17 PM",September 5k,true
"Aug 31, 2021, 12:25:23 AM",September Half Marathon,true
"Aug 31, 2021, 12:25:25 AM",Gatorade Endurance Fuel to Unlock Your Best Challenge,false
"Aug 31, 2021, 12:25:27 AM",Momentous Find Your Podium Challenge,true
"Sep 5, 2021, 12:15:33 PM",Stolen Goat - 250 Minutes Of Freedom,true
"Sep 15, 2021, 2:33:29 PM",Samsung UK Galaxy Watch4 Challenge,true
"Sep 15, 2021, 2:33:33 PM",First Month Streak Challenge,true
"Sep 24, 2021, 1:10:14 PM",October Cycling Climbing Challenge,false
"Sep 24, 2021, 1:10:15 PM",October Cycling Distance Challenge,false
"Sep 24, 2021, 1:10:18 PM",dhb Beat The Chill,false
"Sep 24, 2021, 1:10:19 PM",October Gran Fondo,false
"Sep 24, 2021, 1:10:20 PM",October Cycling Consistency Challenge,false
"Sep 24, 2021, 1:10:22 PM",October Cycling Challenge,false
"Sep 24, 2021, 5:09:47 PM",October Running Distance Challenge,true
"Sep 24, 2021, 5:09:48 PM",October 10k,true
"Sep 24, 2021, 5:09:50 PM",October Running Challenge,true
"Sep 24, 2021, 5:09:52 PM",October 5k,true
"Sep 24, 2021, 5:09:53 PM",October Run Climbing Challenge,true
"Sep 25, 2021, 2:57:04 PM",Hydro Flask Let's Go! Challenge,true
"Sep 25, 2021, 2:58:13 PM",October Running Endurance Challenge,false
"Sep 25, 2021, 2:58:14 PM",October Half Marathon,true
"Sep 25, 2021, 2:58:18 PM",HOKA All Racers Challenge,true
"Sep 25, 2021, 2:58:18 PM",Gatorade 3x4 Challenge,false
"Sep 25, 2021, 2:58:20 PM",Nuun Car-Free Commute Challenge,true
"Oct 21, 2021, 3:15:40 AM",PREPD'S Boundless Hydration Challenge,true
"Oct 21, 2021, 3:15:41 AM",Gatorade Powder Walmart 5K Challenge,true
"Oct 26, 2021, 4:16:50 PM",November Run Climbing Challenge,false
"Oct 26, 2021, 4:16:52 PM",November Half Marathon,true
"Oct 26, 2021, 4:16:53 PM",C34.0 – Stand up against Lung Cancer,true
"Oct 26, 2021, 4:16:54 PM",November Running Challenge,true
"Oct 26, 2021, 4:16:55 PM",November 10k,true
"Oct 26, 2021, 4:17:19 PM",November 5k,true
"Oct 26, 2021, 4:17:20 PM",November 8k,true
"Oct 26, 2021, 4:17:22 PM",November Running Distance Challenge,true
"Oct 26, 2021, 4:17:35 PM",November Cycling Climbing Challenge,false
"Oct 26, 2021, 4:17:36 PM",November Cycling Consistency Challenge,false
"Oct 26, 2021, 4:17:38 PM",November Gran Fondo,false
"Oct 26, 2021, 4:17:40 PM",November Cycling Challenge,false
"Oct 26, 2021, 4:17:43 PM",November Cycling Distance Challenge,false
"Oct 27, 2021, 5:02:58 PM",November Favorite Way 200K,true
"Oct 29, 2021, 1:32:11 AM",The MAAP Clean Livin’ Challenge,true
"Oct 29, 2021, 1:32:13 AM",Ten Thousand X Ryan Hall 26.2 Challenge,true
"Oct 29, 2021, 1:32:13 AM",Saucony Grand Prix- Stage Three,true
"Oct 29, 2021, 1:32:16 AM",TCS We Believe We Can,true
"Oct 29, 2021, 1:32:19 AM",Le Col 250 Tempo,true
"Nov 20, 2021, 3:13:45 AM",Hydrow UK Get Moving Challenge,true
"Nov 20, 2021, 3:13:48 AM","fizik Ride Now, Shop Later",false
"Nov 24, 2021, 3:23:25 PM",December Run Climbing Challenge,false
"Nov 24, 2021, 3:23:25 PM",Le Col Tick Off 2021,true
"Nov 24, 2021, 3:23:27 PM",November Running Endurance Challenge,false
"Nov 24, 2021, 3:23:31 PM",December 5k,true
"Nov 24, 2021, 3:23:31 PM",December Running Distance Challenge,true
"Nov 24, 2021, 3:23:33 PM",December Running Endurance Challenge,false
"Nov 24, 2021, 3:23:34 PM",December 10k,true
"Nov 24, 2021, 3:23:34 PM",December Running Challenge,true
"Nov 26, 2021, 1:52:28 AM",December Half Marathon,true
"Dec 8, 2021, 5:53:50 PM",San Silvestre,true
"Dec 27, 2021, 5:38:10 PM",January Cycling Distance Challenge,false
"Dec 27, 2021, 5:38:10 PM",January Gran Fondo,false
"Dec 27, 2021, 5:38:12 PM",January Cycling Climbing Challenge,false
"Dec 27, 2021, 5:38:13 PM",January Cycling Consistency Challenge,false
"Dec 27, 2021, 5:38:14 PM",January Cycling Challenge,false
"Dec 27, 2021, 5:38:15 PM",January Fresh Start Challenge,false
"Dec 28, 2021, 12:31:20 AM",January 10k,true
"Dec 28, 2021, 12:31:22 AM",January Half Marathon,true
"Dec 28, 2021, 12:31:23 AM",January Running Endurance Challenge,false
"Dec 28, 2021, 12:31:24 AM",January Running Distance Challenge,true
"Dec 28, 2021, 12:31:25 AM",January Running Challenge,true
"Dec 28, 2021, 12:31:27 AM",January Run Climbing Challenge,false
"Dec 28, 2021, 12:31:38 AM",Red Bull January Jumpstart,true
"Dec 28, 2021, 4:56:29 AM",January 5k,true
"Dec 28, 2021, 4:56:34 AM",Le Col Project 22 Challenge,true
"Jan 26, 2022, 2:56:04 AM",February Run Climbing Challenge,false
"Jan 26, 2022, 2:56:04 AM",February Running Distance Challenge,true
"Jan 26, 2022, 2:56:05 AM",February 5k,true
"Jan 26, 2022, 2:56:06 AM",February 10k,true
"Jan 26, 2022, 2:56:08 AM",February Running Challenge,true
"Jan 26, 2022, 2:56:10 AM",February Half Marathon,true
"Jan 26, 2022, 2:56:11 AM",February Running Endurance Challenge,false
"Jan 26, 2022, 12:18:33 PM",Altra For the Love of Running 2022 Challenge,true
"Jan 30, 2022, 11:33:56 PM",February Gran Fondo,false
"Feb 24, 2022, 10:17:31 PM",March Half Marathon,false
"Feb 24, 2022, 10:17:50 PM",March Favorite Way 200K,false
"Feb 24, 2022, 10:17:50 PM",March Running Distance Challenge,false
"Feb 24, 2022, 10:17:55 PM",March 10k,true
"Feb 24, 2022, 10:17:57 PM",March 5k,true
"Feb 24, 2022, 10:18:01 PM",March Running Endurance Challenge,false
"Feb 24, 2022, 10:18:21 PM",March Run Climbing Challenge,false
"Feb 24, 2022, 10:18:24 PM",March Gran Fondo,false
"Feb 24, 2022, 10:18:25 PM",March Cycling Climbing Challenge,false
"Feb 24, 2022, 10:18:28 PM",March Cycling Consistency Challenge,false
"Feb 25, 2022, 12:24:37 PM",March Running Challenge,false
"Mar 5, 2022, 1:44:20 AM",March Walking Distance Challenge,false
"Mar 25, 2022, 4:47:40 PM",April Running Challenge,false
"Mar 25, 2022, 4:47:41 PM",April Half Marathon,false
"Mar 25, 2022, 4:47:53 PM",April 5k,false
"Mar 25, 2022, 4:48:00 PM",April 10k,false
"May 2, 2022, 11:30:24 AM",May 5k,false
"May 2, 2022, 11:30:25 AM",May 10k,false
"May 2, 2022, 11:30:30 AM",May Running Challenge,false
"May 29, 2022, 8:10:58 PM",June 5K,true
"Jun 21, 2022, 3:52:38 PM",June Sweat With Pride Challenge,true
"Jun 21, 2022, 3:53:05 PM",June 10k,true
"Jun 21, 2022, 4:35:54 PM",Nuun Summer Crush 300,true
"Aug 27, 2022, 2:49:59 PM",August 5K,true
"Aug 27, 2022, 2:49:59 PM",August 10k,true
"Aug 27, 2022, 2:50:04 PM",September Half Marathon,false
"Aug 27, 2022, 2:50:05 PM",September Running Distance Challenge,false
"Aug 27, 2022, 2:50:06 PM",September 5K,true
"Aug 27, 2022, 2:50:07 PM",September Run Climbing Challenge,false
"Aug 27, 2022, 2:50:08 PM",September 10k,true
"Aug 27, 2022, 2:50:09 PM",September Running Challenge,true
"Sep 25, 2022, 5:30:45 PM",October Run Climbing Challenge,false
"Sep 25, 2022, 5:30:46 PM",October Gran Fondo,false
"Sep 25, 2022, 5:30:50 PM",October 5K,true
"Sep 25, 2022, 5:30:50 PM",October Running Challenge,true
"Sep 25, 2022, 5:30:51 PM",October 10k,true
"Oct 27, 2022, 12:58:07 AM",November 10k,true
"Oct 27, 2022, 12:58:07 AM",November 5K,true
"Oct 27, 2022, 12:58:07 AM",November Running Endurance Challenge,false
"Oct 27, 2022, 12:58:10 AM",November Run Climbing Challenge,false
"Oct 27, 2022, 1:09:42 AM",November Running Distance Challenge,false
"Oct 27, 2022, 1:09:43 AM",November Half Marathon,false
"Oct 27, 2022, 1:09:44 AM",November Running Challenge,true
"Nov 27, 2022, 3:42:42 PM",December 10k,false
"Nov 27, 2022, 3:42:43 PM",December Run Climbing Challenge,false
"Nov 27, 2022, 3:42:44 PM",December Running Challenge,false
"Nov 27, 2022, 3:42:45 PM",December Running Endurance Challenge,false
"Nov 27, 2022, 3:42:46 PM",December Running Distance Challenge,false
"Nov 27, 2022, 3:42:47 PM",December 5K,true
"Nov 27, 2022, 3:42:47 PM",December Half Marathon,false
"Dec 27, 2022, 10:39:50 PM",January 5K,true
"Dec 27, 2022, 10:39:56 PM",January Fresh Start Challenge,false
"Dec 28, 2022, 3:46:54 AM",January 10k,true
"Jan 16, 2023, 6:24:02 AM",When We Strava,true
"Jan 28, 2023, 12:33:14 AM",February Run Climbing Challenge,false
"Jan 28, 2023, 12:33:14 AM",February 5k,true
"Jan 28, 2023, 12:33:15 AM",February 10k,true
"Jan 28, 2023, 12:33:16 AM",February Running Distance Challenge,true
"Jan 28, 2023, 12:33:17 AM",February Running Challenge,true
"Jan 28, 2023, 12:33:23 AM",February Half Marathon,false
"Jan 28, 2023, 12:33:24 AM",February Running Endurance Challenge,false
"Feb 24, 2023, 5:22:29 PM",March Half Marathon,false
"Feb 24, 2023, 5:22:30 PM",March 5k,true
"Feb 24, 2023, 5:22:33 PM",March Running Challenge,true
"Feb 24, 2023, 5:22:34 PM",March 10k,true
"Feb 24, 2023, 5:22:35 PM",March Running Endurance Challenge,false
"Feb 24, 2023, 5:22:35 PM",March Run Climbing Challenge,true
"Feb 25, 2023, 7:55:41 PM",CamelBak® All-Terrain Running Challenge,true
"Mar 31, 2023, 6:13:41 PM",April Run Climbing Challenge,true
"Mar 31, 2023, 6:13:42 PM",April Running Challenge,true
"Mar 31, 2023, 6:13:43 PM",April 10k,true
"Mar 31, 2023, 6:13:43 PM",April Running Endurance Challenge,true
"Mar 31, 2023, 6:13:52 PM",April Half Marathon,true
"Mar 31, 2023, 6:13:53 PM",April 5k,true
"Apr 5, 2023, 4:13:42 PM",waterdrop® Spring Into Fitness Challenge,true
"Apr 9, 2023, 3:51:23 PM",April Running Distance Challenge,true
"Apr 18, 2023, 6:40:34 PM",Find Your 15 with L.L.Bean,true
"Apr 26, 2023, 2:25:27 PM",May 10k,true
"Apr 26, 2023, 2:25:30 PM",May Running Challenge,true
"Apr 26, 2023, 2:25:31 PM",May Half Marathon,true
"Apr 26, 2023, 2:25:32 PM",May Run Climbing Challenge,false
"Apr 26, 2023, 2:25:34 PM",May Running Endurance Challenge,false
"Apr 26, 2023, 2:25:40 PM",May Running Distance Challenge,true
"May 1, 2023, 3:51:33 AM",May 5k,true
"May 26, 2023, 3:41:55 AM",June 5K x Brooks,true
"May 26, 2023, 3:41:56 AM",June 10k,true
"Jun 28, 2023, 10:24:10 PM",July 5K x Brooks,true
"Jun 28, 2023, 10:24:10 PM",July Running Distance Challenge,true
"Jun 28, 2023, 10:24:13 PM",July Run Climbing Challenge,false
"Jun 28, 2023, 10:24:14 PM",July Running Endurance Challenge,false
"Jun 28, 2023, 10:24:15 PM",July Running Challenge,true
"Jun 28, 2023, 10:24:15 PM",July 10k,true
"Jun 28, 2023, 10:24:16 PM",July Half Marathon,false
"Aug 25, 2023, 4:35:43 PM",September Running Distance Challenge,true
"Aug 25, 2023, 4:35:43 PM",September Half Marathon,false
"Aug 25, 2023, 4:35:44 PM",September Run Climbing Challenge,true
"Aug 25, 2023, 4:35:45 PM",September 10K,true
"Aug 25, 2023, 4:35:47 PM",September Running Challenge,true
"Aug 25, 2023, 4:35:49 PM",September 5K x Brooks,true
"Sep 22, 2023, 8:53:08 PM",October Running Distance Challenge,true
"Sep 22, 2023, 8:53:08 PM",October 5K x Brooks,true
"Sep 22, 2023, 8:53:10 PM",October Running Challenge,true
"Sep 22, 2023, 8:53:11 PM",October Half Marathon,true
"Sep 22, 2023, 8:53:11 PM",October Run Climbing Challenge,true
"Sep 22, 2023, 8:53:13 PM",October 10K,true
"Sep 24, 2023, 4:12:53 PM",October Running Endurance Challenge,true
"Nov 24, 2023, 9:13:27 PM",December Half Marathon,false
"Nov 25, 2023, 1:17:54 PM",November 5K x Brooks,true
"Nov 25, 2023, 5:18:56 PM",December 5K x Brooks,true
"Nov 29, 2023, 1:48:58 PM",Red Bull Coast to Coast 2023,true
"Dec 1, 2023, 12:45:57 AM",December Workout Challenge,true
"Dec 12, 2023, 3:16:19 PM",December Running Distance Challenge,false
"Jan 2, 2024, 6:24:52 PM",Chipotle No Quitters Challenge,false
"Jan 7, 2024, 8:02:18 PM",January Half Marathon Challenge,false
