Media Filename,Media Caption
media/4e1aedf4-0fe6-4f8e-83f4-047a102a46ca.jpg,View from treadmill
media/d032596d-c9fc-426f-b9d0-6eae7724859a.jpg,""
media/4818338d-65c0-419e-b555-538c5a385c86.jpg,""
media/cf4e31e0-3215-49ea-af1d-0adeaa74db06.jpg,""
media/6f5371a8-3f2f-4d62-95e3-21638932d06f.jpg,""
media/2e9a2ae1-0459-4cf3-a86f-fee2d5a4591c.jpg,""
media/6e3d356a-2b61-44b6-a5bb-fa8f19fce20a.jpg,""
media/66b5def3-ef30-4d86-bb73-0c1eb4b6764c.jpg,""
media/16898ef8-f8cf-42d7-ac1d-b4ef0ba8a016.jpg,""
media/8089d572-3650-4b3f-959a-e7f1fb6155f7.jpg,""
media/7bde8e21-9298-4cfd-b6ba-a7cba400b96f.jpg,""
media/bffd6853-90f3-49f9-b109-ce20bc4e1375.jpg,""
media/672b57c1-dcb7-4200-a7cc-61337245e1ed.mp4,""
media/ec25dc16-2cbd-460d-8559-f3c9127a2a18.jpg,""
media/f8f9469d-5ea2-4b32-9175-5e69488f9cd7.jpg,""
media/48507ddb-dc1c-47bf-a006-8ca32853625d.jpg,""
media/1229ed7f-18c4-44c8-a4b0-d8eb92497ef5.jpg,""
media/8d249e15-c393-42ab-8971-bf797ef53bfc.jpg,""
media/5495cebd-198d-4856-b53b-fa619c33ce9e.jpg,""
media/28159876-918b-40e7-ae19-5203a62ae2a1.jpg,""
media/3bc6100c-173f-4e69-8057-bd8b8ba9381f.jpg,""
media/df3c8c06-8e68-4a17-ada2-d0020f954555.jpg,""
media/8b0af996-b3e4-43bc-9841-4468ee461167.jpg,""
media/70cf89ab-9ef9-4138-9cc6-67e41ba2e57f.jpg,""
media/4b79ec7a-37f9-4cf1-a75b-4852a12e23ff.jpg,""
media/0a49c75e-d2b8-4d31-a752-91dfa4660a16.jpg,""
media/b99dc29d-1979-4cf1-bf3c-5f4d4b763d90.jpg,""
media/02a8ab27-c830-4099-b0da-fb1869d6db4e.jpg,""
media/873b3c1c-b6a6-409e-9dd5-15b5e40c2c73.jpg,""
media/d8339993-2976-4395-9888-3c76156c88e5.mp4,""
media/c09c8c5b-d06d-41fa-b0ad-c8a7d5714d93.jpg,""
media/c9edcaee-764c-449a-9f34-c0af2894a6f2.jpg,""
media/33bb70a4-29ed-492a-a39a-0f16d7c28919.jpg,""
media/25155bec-c6a7-4473-933a-926081b9f817.jpg,""
media/ef943f14-f0d0-494a-8681-16db028c0a0d.jpg,""
media/626c5978-5d88-44b9-9f65-b0b359304c0e.jpg,""
media/861c4ae8-4f0d-4db5-b5ac-b0a3ea05f9a7.jpg,""
media/ad7070f2-7354-440f-a5ca-81f45afc45c0.jpg,""
media/c0fd7aba-1c06-47ea-b0ee-97382c70c1fd.jpg,""
media/801235d8-a895-4995-9fcb-179bf0f4eb9f.jpg,""
media/14f031fa-eef7-4a9d-a264-82a1a4f1729a.jpg,""
media/ec605d28-a6fe-4938-aab0-0867a436ba19.jpg,""
media/a57ae7e9-aed6-4501-bb84-eaa12b43d90a.jpg,""
media/4ff9faa0-b03b-4731-9250-9909b9fc008b.jpg,""
media/6033388a-7c9a-47c1-bad9-d5eae6b1610d.jpg,""
media/a0e66d2d-6c76-47c2-9438-bc362ea9206d.jpg,""
media/1d1e3338-26d2-44e2-b3f6-f762af15bb05.jpg,""
media/eb9eb84e-5d94-4e54-a4c6-043ed303e56b.jpg,""
media/a8cddc8f-ae17-4244-8e1c-426e0078941e.jpg,""
media/738510cf-0a5e-441f-bf16-a97a719db171.jpg,""
media/edabf657-624a-4dbd-b9d1-4511a12a9162.jpg,""
media/eb06b4d6-c570-4db2-bb68-7898cdaaebe3.jpg,""
media/903f2b23-aabc-42ac-98cc-136234099bb0.jpg,""
media/07aaa4e9-2629-4b45-8ab6-7ee6e2183214.jpg,""
media/6326f2c2-bc80-438e-bb38-f156f35b7f0e.jpg,""
media/ce795298-48a8-43e5-9383-83e26dcea683.jpg,""
media/7bf2ff5f-82fd-460e-a0d4-3646aba9b993.jpg,""
media/1b7c0bbf-062f-4395-8b34-e3680ce3823a.jpg,""
media/d2465948-a087-4978-9bc9-b9641387dfd0.jpg,""
media/5ef4b06d-d158-438e-8d22-6aa9dc990b6e.jpg,""
media/0cd67159-418b-4d58-acb6-f002451be6f5.jpg,""
media/9be633c4-6119-4c48-a6bd-f5309444bb91.jpg,""
media/624c4379-7fb1-4adf-85b9-e042bc62bda4.jpg,""
media/f54bb6ba-3649-46ca-a22f-a4c21f07fbea.jpg,""
media/1319c548-9e77-4a96-b2b9-ce19d31d02b9.jpg,""
media/75a8a383-cdcf-47ef-ad8f-177f2cc5fc8c.jpg,""
media/10b479c6-6f6c-48e7-8d78-f876b007c60f.jpg,""
media/b7e3de8f-21c9-4dbb-93db-8fc3444824af.jpg,""
media/487dd762-209c-431a-80ea-7bcf98bd78aa.jpg,""
media/ca613d91-2d9c-43ef-9fc0-5e9bb8ff535d.jpg,""
media/0d0c42ce-eb4c-4cd7-ac4e-fe7a08634c00.jpg,""
media/b594e999-8618-4e0b-adf1-1b6f21c299da.jpg,""
media/983f4cd4-28f3-4a38-8d42-5c75014d6c4c.jpg,""
media/a6992230-6433-488f-8b6e-2baf42b6025a.jpg,""
media/2ad5a009-f075-4211-995b-4d92c6c90e6e.jpg,""
media/d6aba552-2243-4a9b-a932-65741bca27ec.jpg,""
media/ef7d728d-87b8-4a83-801d-a3af88cb6c02.jpg,""
media/3052543e-e1f1-4e3f-bb7a-7de77215b247.jpg,""
media/f8ac6692-d6d5-4689-b3ed-0f721ba3b8e5.jpg,""
media/ec1dd4ef-0998-4260-858f-8308bd1bd4a1.jpg,Looks like a cloud but the black stuff is burnt house.
media/4d4347c0-70a2-4bb3-90b9-0cab932b7174.jpg,""
media/c059a9e0-69f2-4fde-8e45-385d397fe541.jpg,""
media/3b2ee398-7895-468a-ba0d-eb0f0952cab8.jpg,""
media/f801e088-d4e1-4b1b-b454-811300384ed5.jpg,""
media/24291ee7-02b9-46d1-99f7-de9b7e92ce3f.jpg,""
media/a07e6e06-ef7c-4316-8bdb-3ea2f50b81d1.jpg,""
media/5f875d18-dbd7-448b-bae9-ce5cdbbf43a3.jpg,""
media/059fdc5f-a822-42ea-974f-fbf4a37221df.jpg,""
media/ed05a1f6-cc63-4b34-8944-0e290f4d4c52.jpg,""
media/25980955-404b-48b9-93e5-06ac34df4a01.jpg,""
media/d04f5f85-0ca1-44eb-90ac-155e4a2ca53e.jpg,""
media/a475d260-98c4-4230-9c24-08fbca7832dd.jpg,""
media/f9058e85-7b80-455f-975e-e8852ec6e0f5.jpg,""
media/55b54e3c-1191-404e-9bf8-6060c6bdedd4.jpg,""
media/3164564c-8359-4ea3-b281-468cfcd72a6a.jpg,""
media/19a645b1-2ac1-4073-9387-a4299af00b9a.jpg,""
media/4e8516e5-1456-48d6-977e-bb48acf6b5bb.jpg,""
media/0346ef9b-6d39-4061-b1a8-bd59acc9a76a.jpg,""
media/47f2a5a1-3bb9-43aa-aead-96ba4a5e1422.jpg,""
media/f796780b-4f64-4f70-aa99-1b4bc168b0ba.jpg,""
media/b6e7eae6-59e3-4833-bf13-b76fb5a14aab.jpg,""
media/b6f72311-9f37-48bc-820e-0bb23bc09865.jpg,""
media/9f772ee7-3d4e-43ae-9255-505a88e06629.jpg,""
media/8a468049-f6ef-450b-8752-2a356e29e1dd.jpg,""
media/ac91c2dd-eee0-432a-b63e-3e8f1961630a.jpg,""
media/a7417b03-e026-4b3e-a8bc-c60d36e7aae5.jpg,""
media/3ebf4072-8fa9-4554-98de-3bcc92869a60.jpg,""
